nom,age,profession,sexe
Personne_1,40,médecin,FEMME
Personne_2,25,pharmacien,female
Personne_3,48,comptable,H
Personne_4,25,vendeur,Homme
Personne_5,34,ingénieur,F
Personne_6,59,graphiste,FEMME
Personne_7,43,graphiste,female
Personne_8,51,médecin,féminin
Personne_9,22,pharmacien,masculin
Personne_10,42,ingénieur,Femme
Personne_11,51,pharmacien,Autre
Personne_12,31,graphiste,féminin
Personne_13,41,boulanger,None
Personne_14,34,comptable,M
Personne_15,18,médecin,M
Personne_16,58,médecin,masculin
Personne_17,26,pharmacien,FEMME
Personne_18,29,boulanger,female
Personne_19,57,vendeur,Femme
Personne_20,37,médecin,Homme
Personne_21,32,ingénieur,None
Personne_22,27,enseignant,M
Personne_23,39,graphiste,féminin
Personne_24,38,vendeur,Femme
Personne_25,54,ingénieur,None
Personne_26,26,pharmacien,Autre
Personne_27,23,vendeur,FEMME
Personne_28,29,ingénieur,FEMME
Personne_29,38,médecin,femme
Personne_30,45,graphiste,female
Personne_31,18,comptable,FEMME
Personne_32,55,graphiste,homme
Personne_33,31,pharmacien,masculin
Personne_34,38,boulanger,None
Personne_35,40,comptable,F
Personne_36,25,ingénieur,masculin
Personne_37,53,comptable,Homme
Personne_38,24,comptable,féminin
Personne_39,44,avocat,F
Personne_40,33,médecin,female
Personne_41,54,vendeur,F
Personne_42,44,pharmacien,F
Personne_43,31,pharmacien,femme
Personne_44,25,avocat,male
Personne_45,18,avocat,masculin
Personne_46,31,enseignant,féminin
Personne_47,49,médecin,None
Personne_48,23,ingénieur,masculin
Personne_49,57,pharmacien,homme
Personne_50,35,pharmacien,None
Personne_51,24,ingénieur,Homme
Personne_52,27,médecin,M
Personne_53,31,vendeur,homme
Personne_54,21,ingénieur,Autre
Personne_55,21,pharmacien,FEMME
Personne_56,28,boulanger,M
Personne_57,32,médecin,female
Personne_58,28,médecin,M
Personne_59,36,graphiste,féminin
Personne_60,20,enseignant,F
Personne_61,29,boulanger,male
Personne_62,41,graphiste,femme
Personne_63,34,ingénieur,Autre
Personne_64,24,comptable,male
Personne_65,46,boulanger,Femme
Personne_66,31,comptable,femme
Personne_67,21,comptable,homme
Personne_68,42,boulanger,H
Personne_69,40,vendeur,None
Personne_70,58,médecin,Homme
Personne_71,55,vendeur,féminin
Personne_72,46,avocat,female
Personne_73,53,médecin,Autre
Personne_74,31,médecin,None
Personne_75,57,comptable,male
Personne_76,58,pharmacien,femme
Personne_77,35,enseignant,M
Personne_78,57,graphiste,masculin
Personne_79,19,boulanger,H
Personne_80,32,boulanger,male
Personne_81,24,médecin,M
Personne_82,28,enseignant,féminin
Personne_83,49,ingénieur,Homme
Personne_84,31,médecin,Homme
Personne_85,50,graphiste,male
Personne_86,56,boulanger,Homme
Personne_87,43,vendeur,masculin
Personne_88,27,comptable,H
Personne_89,59,graphiste,FEMME
Personne_90,56,boulanger,Homme
Personne_91,40,pharmacien,femme
Personne_92,41,pharmacien,Femme
Personne_93,53,pharmacien,Homme
Personne_94,33,médecin,Homme
Personne_95,41,médecin,homme
Personne_96,28,pharmacien,homme
Personne_97,54,ingénieur,H
Personne_98,38,avocat,female
Personne_99,31,comptable,FEMME
Personne_100,49,médecin,male
Personne_101,59,avocat,H
Personne_102,26,graphiste,None
Personne_103,32,vendeur,H
Personne_104,28,enseignant,homme
Personne_105,60,pharmacien,None
Personne_106,31,boulanger,male
Personne_107,36,boulanger,None
Personne_108,18,avocat,M
Personne_109,37,avocat,female
Personne_110,58,médecin,Homme
Personne_111,28,pharmacien,None
Personne_112,26,avocat,Femme
Personne_113,39,pharmacien,homme
Personne_114,32,pharmacien,femme
Personne_115,44,avocat,None
Personne_116,23,avocat,femme
Personne_117,51,boulanger,F
Personne_118,36,graphiste,Homme
Personne_119,18,vendeur,M
Personne_120,32,médecin,female
Personne_121,41,vendeur,F
Personne_122,18,avocat,F
Personne_123,25,comptable,Autre
Personne_124,18,médecin,H
Personne_125,58,graphiste,masculin
Personne_126,36,médecin,F
Personne_127,52,médecin,H
Personne_128,26,ingénieur,F
Personne_129,36,médecin,masculin
Personne_130,55,vendeur,FEMME
Personne_131,25,enseignant,female
Personne_132,58,avocat,féminin
Personne_133,57,boulanger,masculin
Personne_134,34,graphiste,femme
Personne_135,38,comptable,Homme
Personne_136,55,pharmacien,female
Personne_137,34,avocat,Autre
Personne_138,52,ingénieur,féminin
Personne_139,19,enseignant,féminin
Personne_140,23,avocat,masculin
Personne_141,18,vendeur,F
Personne_142,28,ingénieur,None
Personne_143,49,médecin,FEMME
Personne_144,53,ingénieur,féminin
Personne_145,36,vendeur,Homme
Personne_146,40,ingénieur,male
Personne_147,32,pharmacien,female
Personne_148,60,enseignant,H
Personne_149,37,comptable,None
Personne_150,32,pharmacien,female
Personne_151,48,vendeur,homme
Personne_152,60,graphiste,féminin
Personne_153,44,pharmacien,female
Personne_154,55,comptable,female
Personne_155,43,enseignant,Homme
Personne_156,23,comptable,FEMME
Personne_157,53,graphiste,homme
Personne_158,30,boulanger,masculin
Personne_159,53,avocat,male
Personne_160,31,graphiste,F
Personne_161,21,vendeur,féminin
Personne_162,36,graphiste,féminin
Personne_163,42,médecin,Autre
Personne_164,37,graphiste,féminin
Personne_165,24,boulanger,homme
Personne_166,44,ingénieur,FEMME
Personne_167,21,médecin,Autre
Personne_168,19,ingénieur,M
Personne_169,23,graphiste,H
Personne_170,37,comptable,F
Personne_171,54,graphiste,FEMME
Personne_172,35,pharmacien,Homme
Personne_173,38,ingénieur,M
Personne_174,47,avocat,male
Personne_175,58,avocat,Autre
Personne_176,20,pharmacien,Autre
Personne_177,28,enseignant,FEMME
Personne_178,45,enseignant,Homme
Personne_179,34,avocat,Femme
Personne_180,40,boulanger,M
Personne_181,57,comptable,homme
Personne_182,30,pharmacien,F
Personne_183,37,enseignant,None
Personne_184,51,enseignant,FEMME
Personne_185,48,enseignant,F
Personne_186,50,enseignant,homme
Personne_187,44,vendeur,None
Personne_188,49,comptable,female
Personne_189,24,comptable,Homme
Personne_190,53,comptable,FEMME
Personne_191,49,avocat,female
Personne_192,32,avocat,H
Personne_193,43,médecin,femme
Personne_194,29,vendeur,M
Personne_195,55,avocat,masculin
Personne_196,60,enseignant,None
Personne_197,29,enseignant,male
Personne_198,53,comptable,female
Personne_199,22,pharmacien,None
Personne_200,54,pharmacien,féminin
